curva_id,n_picos,n_valles,curvatura_media,curvatura_max,pendiente_media,aspect_ratio
1,3,2,0.020429333345519527,0.06582054456453278,0.4094736027623136,0.2239593549748833
25,2,1,0.01714397772241379,0.08717580129228789,0.4669081935325604,0.35036616695594575
100,3,2,0.03155638653539599,0.1344416099419035,0.6018663779088539,0.3341444977474342
250,3,2,0.04020326075836247,0.22649856139377073,0.8520497894777272,0.2952676113695804
450,2,1,0.020431350509862126,0.08199029993739775,0.47957561564588813,0.19069703002695368
